{"0": {"precision": 0.946058091286307, "recall": 0.8769230769230769, "f1-score": 0.9101796407185628, "support": 260.0}, "1": {"precision": 0.9468085106382979, "recall": 0.7807017543859649, "f1-score": 0.8557692307692307, "support": 228.0}, "2": {"precision": 0.868421052631579, "recall": 0.878698224852071, "f1-score": 0.8735294117647059, "support": 338.0}, "3": {"precision": 0.8175182481751825, "recall": 0.8615384615384616, "f1-score": 0.8389513108614233, "support": 130.0}, "micro avg": {"precision": 0.8975770925110133, "recall": 0.852510460251046, "f1-score": 0.8744635193133047, "support": 956.0}, "macro avg": {"precision": 0.8947014756828415, "recall": 0.8494653794248936, "f1-score": 0.8696073985284807, "support": 956.0}, "weighted avg": {"precision": 0.9013087157031582, "recall": 0.852510460251046, "f1-score": 0.8745593125425383, "support": 956.0}, "samples avg": {"precision": 0.9294062646096308, "recall": 0.9010051425899953, "f1-score": 0.894109396914446, "support": 956.0}}