{"0": {"precision": 0.95, "recall": 0.8769230769230769, "f1-score": 0.912, "support": 260.0}, "1": {"precision": 0.958974358974359, "recall": 0.8201754385964912, "f1-score": 0.8841607565011821, "support": 228.0}, "2": {"precision": 0.8898809523809523, "recall": 0.8846153846153846, "f1-score": 0.887240356083086, "support": 338.0}, "3": {"precision": 0.813953488372093, "recall": 0.8076923076923077, "f1-score": 0.8108108108108109, "support": 130.0}, "micro avg": {"precision": 0.91, "recall": 0.856694560669456, "f1-score": 0.8825431034482759, "support": 956.0}, "macro avg": {"precision": 0.903202199931851, "recall": 0.8473515519568151, "f1-score": 0.8735529808487698, "support": 956.0}, "weighted avg": {"precision": 0.9123848004595061, "recall": 0.856694560669456, "f1-score": 0.8828465462800816, "support": 956.0}, "samples avg": {"precision": 0.9310425432445066, "recall": 0.9038101916783543, "f1-score": 0.8988312295465171, "support": 956.0}}